{
    "规则名": "布蕾蓝光影城",
    "规则作者": "香雅情",
    "请求头参数": "User-Agent$MOBILE_UA",
    "网页编码格式": "UTF-8",
    "图片是否需要代理": "0",
    "是否开启获取首页数据": "1",
    "首页推荐链接": "https://v.bulei.cc",
    "首页列表数组规则": "body&&.module-main.tab-list.active",
    "首页片单列表数组规则": ".module-item",
    "首页片单是否Jsoup写法": "1",
    "分类起始页码": "1",
    "分类链接": "https://v.bulei.cc/index.php/vod/type/id/{cateId}.html",
    "分类名称": "电影&电视剧&综艺&动漫&欧美剧&日韩剧&港台剧",
    "分类名称替换词": "1&2&3&4&5&21&22",
    //"筛选数据": {},
    "筛选数据": "ext",
    //{cateId}
    "筛选子分类名称": "动作片&喜剧片&爱情片&科幻片&恐怖片&剧情片&战争片&惊悚片&犯罪片&冒险片&悬疑片&动画片&武侠片&奇幻片&纪录片&灾难片&历史片&家庭片&其他片||国产剧&港剧&日剧&欧美剧&韩剧&泰剧&台剧&海外剧||国产综艺&日韩综艺&港台综艺&欧美综艺||国产动漫&日本动漫&港台动漫&欧美动漫",
    "筛选子分类替换词": "6&7&8&9&10&11&12&20&21&22&23&24&25&26&27&36&53&54&55||13&46&15&16&45&34&14&35||37&38&40&39||41&42&43&44",
    //{class}
    "筛选类型名称": "喜剧&爱情&恐怖&动作&科幻&剧情&战争&警匪&犯罪&动画&奇幻&武侠&冒险&枪战&恐怖&悬疑&惊悚&经典&青春&文艺&微电影&古装&历史&运动&农村&儿童&网络电影||古装&战争&青春偶像&喜剧&家庭&犯罪&动作&奇幻&剧情&历史&经典&乡村&情景&商战&网剧&其他||选秀&情感&访谈&播报&旅游&音乐&美食&纪实&曲艺&生活&游戏互动&财经&求职||情感&科幻&热血&推理&搞笑&冒险&萝莉&校园&动作&机战&运动&战争&少年&少女&社会&原创&亲子&益智&励志&其他",
    "筛选类型替换词": "*",
    //{area}
    "筛选地区名称": "内地&香港&台湾&美国&法国&英国&日本&韩国&德国&泰国&印度&意大利&西班牙&加拿大&其他",
    "筛选地区替换词": "*",
    //{year}
    "筛选年份名称": "",
    "筛选年份替换词": "*",
    //{lang}
    "筛选语言名称": "国语&英语&粤语&闽南语&韩语&日语&法语&德语&其它",
    "筛选语言替换词": "*",
    //{by}
    "筛选排序名称": "时间&人气&评分",
    "筛选排序替换词": "time&hits&score",
    "分类截取模式": "1",
    "分类列表数组规则": "body&&.module-item",
    "分类片单是否Jsoup写法": "1",
    "分类片单标题": "a&&title",
    "分类片单链接": "a&&href",
    "分类片单图片": ".lazyload&&data-original",
    "分类片单副标题": ".module-item-note&&Text",
    "分类片单链接加前缀": "https://v.bulei.cc",
    "分类片单链接加后缀": "",
    "搜索请求头参数": "User-Agent$MOBILE_UA",
    "搜索链接": "https://v.bulei.cc/index.php/vod/search.html?wd={wd}",
    "POST请求数据": "",
    "搜索截取模式": "1",
    "搜索列表数组规则": "body&&.module-item",
    "搜索片单是否Jsoup写法": "1",
    "搜索片单图片": ".lazyload&&data-original",
    "搜索片单标题": ".module-card-item-title&&Text",
    "搜索片单链接": "a&&href",
    "搜索片单副标题": ".module-item-note&&Text",
    "搜索片单链接加前缀": "https://v.bulei.cc",
    "搜索片单链接加后缀": "",
    "链接是否直接播放": "0",
    "直接播放链接加前缀": "",
    "直接播放链接加后缀": "#isVideo=true#",
    "直接播放直链视频请求头": "",
    "详情是否Jsoup写法": "0",
    "类型详情": "",
    "年代详情": "",
    "地区详情": "",
    "演员详情": "主演：</span>&&</div>",
    "简介详情": "introduction\">&&</p>",
    "线路列表数组规则": "#y-playList&&.module-tab-item",
    "线路标题": "Text",
    "播放列表数组规则": "body&&.module-play-list-content",
    "选集列表数组规则": "a",
    "选集标题链接是否Jsoup写法": "1",
    "选集标题": "a&&Text",
    "选集链接": "a&&href",
    "是否反转选集序列": "0",
    "选集链接加前缀": "https://v.bulei.cc",
    "选集链接加后缀": "",
    "分析MacPlayer": 2",
    "是否开启手动嗅探": "1",
    "手动嗅探视频链接关键词": ".mp4#.m3u8#.flv#video/tos#stariverpan.com:9096/ipfs",
    "手动嗅探视频链接过滤词": ".html#?url=http#php?v=http"
}